{"nodes":{"node:11":{"location":{"x":600,"y":-170}},"node:14":{"location":{"x":600,"y":0}},"node:17":{"location":{"x":600,"y":170}},"node:2":{"location":{"x":1200,"y":0}},"node:20":{"location":{"x":0,"y":-85}},"node:26":{"location":{"x":300,"y":0}},"node:30":{"location":{"x":900,"y":-85}},"node:33":{"location":{"x":900,"y":85}},"node:38":{"location":{"x":0,"y":85}},"node:50":{"location":{"x":410,"y":-151}},"node:53":{"location":{"x":705,"y":-79}},"node:59":{"location":{"x":970,"y":-23}}},"selection":null,"view":{"scroll":{"x":-117.678863525390625,"y":-437.702545166015625},"visible_rect":{"max":{"x":1566.2401123046875,"y":725.00067138671875},"min":{"x":-141.418228149414062,"y":-526.00030517578125}},"zoom":0.832133650779724121}}