{"nodes":{"node:2":{"location":{"x":195,"y":-87}},"node:6":{"location":{"x":-95,"y":-11}}},"selection":null,"view":{"scroll":{"x":-534.25689697265625,"y":-432.543060302734375},"visible_rect":{"max":{"x":575.37158203125,"y":371.72845458984375},"min":{"x":-267.128448486328125,"y":-216.271530151367188}},"zoom":2}}